pre,after
PRE_Oracleinequalitiesforcomputationallybudgetedmodelselection,Oracleinequalitiesforcomputationallybudgetedmodelselection
PRE_BanditsQueryLearningandtheHaystackDimension,BanditsQueryLearningandtheHaystackDimension
PRE_MinimaxRegretofFinitePartialMonitoringGamesinStochasticEnvironments,MinimaxRegretofFinitePartialMonitoringGamesinStochasticEnvironments
PRE_SampleComplexityBoundsforDifferentiallyPrivateLearning,SampleComplexityBoundsforDifferentiallyPrivateLearning
PRE_Tightconditionsforconsistentvariableselectioninhighdimensionalnonparametricregression,Tightconditionsforconsistentvariableselectioninhighdimensionalnonparametricregression
PRE_MulticlassLearnabilityandtheERMprinciple,MulticlassLearnabilityandtheERMprinciple
PRE_MixabilityisBayesRiskCurvatureRelativetoLogLoss,MixabilityisBayesRiskCurvatureRelativetoLogLoss
PRE_DistributionIndependentEvolvabilityofLinearThresholdFunctions,DistributionIndependentEvolvabilityofLinearThresholdFunctions
PRE_LowerBoundsandHardnessAmplificationforLearningShallowMonotoneFormulas,LowerBoundsandHardnessAmplificationforLearningShallowMonotoneFormulas
PRE_ConcentrationBasedGuaranteesforLowRankMatrixReconstruction,ConcentrationBasedGuaranteesforLowRankMatrixReconstruction
PRE_OntheConsistencyofMultiLabelLearning,OntheConsistencyofMultiLabelLearning
PRE_TheKLUCBAlgorithmforBoundedStochasticBanditsandBeyond,TheKLUCBAlgorithmforBoundedStochasticBanditsandBeyond
PRE_SparsityRegretBoundsforIndividualSequencesinOnlineLinearRegression,SparsityRegretBoundsforIndividualSequencesinOnlineLinearRegression
PRE_Beyondtheregretminimizationbarrieranoptimalalgorithmforstochasticstronglyconvexoptimization,Beyondtheregretminimizationbarrieranoptimalalgorithmforstochasticstronglyconvexoptimization
PRE_MaximumLikelihoodvsSequentialNormalizedMaximumLikelihoodinOnlineDensityEstimation,MaximumLikelihoodvsSequentialNormalizedMaximumLikelihoodinOnlineDensityEstimation
PRE_ANewAlgorithmforCompressedCountingwithApplicationsinShannonEntropyEstimationinDynamicData,ANewAlgorithmforCompressedCountingwithApplicationsinShannonEntropyEstimationinDynamicData
PRE_AFiniteTimeAnalysisofMultiarmedBanditsProblemswithKullbackLeiblerDivergences,AFiniteTimeAnalysisofMultiarmedBanditsProblemswithKullbackLeiblerDivergences
PRE_Robustapproachabilityandregretminimizationingameswithpartialmonitoring,Robustapproachabilityandregretminimizationingameswithpartialmonitoring
PRE_TheRateofConvergenceofAdaboost,TheRateofConvergenceofAdaboost
PRE_SequentialEventPredictionwithAssociationRules,SequentialEventPredictionwithAssociationRules
PRE_Optimalaggregationofaffineestimators,Optimalaggregationofaffineestimators
PRE_CollaborativeFilteringwiththeTraceNormLearningBoundingandTransducing,CollaborativeFilteringwiththeTraceNormLearningBoundingandTransducing
PRE_AdaptiveDensityLevelSetClustering,AdaptiveDensityLevelSetClustering
PRE_AgnosticKWIKlearningandefficientapproximatereinforcementlearning,AgnosticKWIKlearningandefficientapproximatereinforcementlearning
PRE_TheSampleComplexityofDictionaryLearning,TheSampleComplexityofDictionaryLearning
PRE_IdentifiabilityofPriorsfromBoundedSampleSizeswithApplicationstoTransferLearning,IdentifiabilityofPriorsfromBoundedSampleSizeswithApplicationstoTransferLearning
PRE_MissingInformationImpedimentstoLearnability,MissingInformationImpedimentstoLearnability
PRE_LearningValuationFunctions,LearningValuationFunctions
PRE_UnifiedAlgorithmsforOnlineLearningandCompetitiveAnalysis,UnifiedAlgorithmsforOnlineLearningandCompetitiveAnalysis
PRE_OnlineOptimizationwithGradualVariations,OnlineOptimizationwithGradualVariations
PRE_TheOptimalityofJeffreysPriorforOnlineDensityEstimationandtheAsymptoticNormalityofMaximumLikelihoodEstimators,TheOptimalityofJeffreysPriorforOnlineDensityEstimationandtheAsymptoticNormalityofMaximumLikelihoodEstimators
PRE_PACBayesianBoundforGaussianProcessRegressionandMultipleKernelAdditiveModel,PACBayesianBoundforGaussianProcessRegressionandMultipleKernelAdditiveModel
PRE_ReconstructionfromAnisotropicRandomMeasurements,ReconstructionfromAnisotropicRandomMeasurements
PRE_L1CoveringNumbersforUniformlyBoundedConvexFunctions,L1CoveringNumbersforUniformlyBoundedConvexFunctions
PRE_GeneralizationBoundsforOnlineLearningAlgorithmswithPairwiseLossFunctions,GeneralizationBoundsforOnlineLearningAlgorithmswithPairwiseLossFunctions
PRE_AttributeEfficientLearningandWeightDegreeTradeoffsforPolynomialThresholdFunctions,AttributeEfficientLearningandWeightDegreeTradeoffsforPolynomialThresholdFunctions
PRE_LearningFunctionsofHalfspacesUsingPrefixCovers,LearningFunctionsofHalfspacesUsingPrefixCovers
PRE_ComputationalBoundsonStatisticalQueryLearning,ComputationalBoundsonStatisticalQueryLearning
PRE_LearningDNFExpressionsfromFourierSpectrum,LearningDNFExpressionsfromFourierSpectrum
PRE_ActiveLearningUsingSmoothRelativeRegretApproximationswithApplications,ActiveLearningUsingSmoothRelativeRegretApproximationswithApplications
PRE_RobustInteractiveLearning,RobustInteractiveLearning
PRE_RareProbabilityEstimationunderRegularlyVaryingHeavyTails,RareProbabilityEstimationunderRegularlyVaryingHeavyTails
PRE_CompetitiveClassificationandClosenessTesting,CompetitiveClassificationandClosenessTesting
PRE_KernelsBasedTestswithNonasymptoticBootstrapApproachesforTwosampleProblems,KernelsBasedTestswithNonasymptoticBootstrapApproachesforTwosampleProblems
PRE_DistributedLearningCommunicationComplexityandPrivacy,DistributedLearningCommunicationComplexityandPrivacy
PRE_AConjugatePropertybetweenLossFunctionsandUncertaintySetsinClassificationProblems,AConjugatePropertybetweenLossFunctionsandUncertaintySetsinClassificationProblems
PRE_NewBoundsforLearningIntervalswithImplicationsforSemiSupervisedLearning,NewBoundsforLearningIntervalswithImplicationsforSemiSupervisedLearning
PRE_TightBoundsonProperEquivalenceQueryLearningofDNF,TightBoundsonProperEquivalenceQueryLearningofDNF
PRE_DistancePreservingEmbeddingsforGeneralnDimensionalManifolds,DistancePreservingEmbeddingsforGeneralnDimensionalManifolds
PRE_ACorrelationClusteringApproachtoLinkClassificationinSignedNetworks,ACorrelationClusteringApproachtoLinkClassificationinSignedNetworks
PRE_SpectralClusteringofGraphswithGeneralDegreesintheExtendedPlantedPartitionModel,SpectralClusteringofGraphswithGeneralDegreesintheExtendedPlantedPartitionModel
PRE_TowardUnderstandingComplexSpacesGraphLaplaciansonManifoldswithSingularitiesandBoundaries,TowardUnderstandingComplexSpacesGraphLaplaciansonManifoldswithSingularitiesandBoundaries
PRE_ExactRecoveryofSparselyUsedDictionaries,ExactRecoveryofSparselyUsedDictionaries
PRE_AnalysisofThompsonSamplingfortheMultiarmedBanditProblem,AnalysisofThompsonSamplingfortheMultiarmedBanditProblem
PRE_AutonomousExplorationForNavigatingInMDPs,AutonomousExplorationForNavigatingInMDPs
PRE_TowardsMinimaxPoliciesforOnlineLinearOptimizationwithBanditFeedback,TowardsMinimaxPoliciesforOnlineLinearOptimizationwithBanditFeedback
PRE_OpenProblemBetterBoundsforOnlineLogisticRegression,OpenProblemBetterBoundsforOnlineLogisticRegression
PRE_OpenProblemAdversarialMultiarmedBanditswithLimitedAdvice,OpenProblemAdversarialMultiarmedBanditswithLimitedAdvice
PRE_OntheComplexityofBanditandDerivativeFreeStochasticConvexOptimization,OntheComplexityofBanditandDerivativeFreeStochasticConvexOptimization
PRE_ATheoreticalAnalysisofNDCGTypeRankingMeasures,ATheoreticalAnalysisofNDCGTypeRankingMeasures
PRE_Excessriskboundsformultitasklearningwithtracenormregularization,Excessriskboundsformultitasklearningwithtracenormregularization
PRE_HonestCompressionsandTheirApplicationtoCompressionSchemes,HonestCompressionsandTheirApplicationtoCompressionSchemes
PRE_Thepriceofbanditinformationinmulticlassonlineclassification,Thepriceofbanditinformationinmulticlassonlineclassification
PRE_EstimationofExtremeValuesandAssociatedLevelSetsofaRegressionFunctionviaSelectiveSampling,EstimationofExtremeValuesandAssociatedLevelSetsofaRegressionFunctionviaSelectiveSampling
PRE_RecoveringtheOptimalSolutionbyDualRandomProjection,RecoveringtheOptimalSolutionbyDualRandomProjection
PRE_OpportunisticStrategiesforGeneralizedNoRegretProblems,OpportunisticStrategiesforGeneralizedNoRegretProblems
PRE_OnlineLearningforTimeSeriesPrediction,OnlineLearningforTimeSeriesPrediction
PRE_BeatingBanditsinGraduallyEvolvingWorlds,BeatingBanditsinGraduallyEvolvingWorlds
PRE_InformationComplexityinBanditSubsetSelection,InformationComplexityinBanditSubsetSelection
PRE_PassiveLearningwithTargetRisk,PassiveLearningwithTargetRisk
PRE_Activeandpassivelearningoflinearseparatorsunderlogconcavedistributions,Activeandpassivelearningoflinearseparatorsunderlogconcavedistributions
PRE_Randomizedpartitiontreesforexactnearestneighborsearch,Randomizedpartitiontreesforexactnearestneighborsearch
PRE_SurrogateRegretBoundsfortheAreaUndertheROCCurveviaStronglyProperLosses,SurrogateRegretBoundsfortheAreaUndertheROCCurveviaStronglyProperLosses
PRE_AlgorithmsandHardnessforRobustSubspaceRecovery,AlgorithmsandHardnessforRobustSubspaceRecovery
PRE_PLALClusterbasedactivelearning,PLALClusterbasedactivelearning
PRE_LearningUsingLocalMembershipQueries,LearningUsingLocalMembershipQueries
PRE_SparseAdaptiveDirichletMultinomiallikeProcesses,SparseAdaptiveDirichletMultinomiallikeProcesses
PRE_Predictionbyrandomwalkperturbation,Predictionbyrandomwalkperturbation
PRE_ClassificationwithAsymmetricLabelNoiseConsistencyandMaximalDenoising,ClassificationwithAsymmetricLabelNoiseConsistencyandMaximalDenoising
PRE_GeneralOracleInequalitiesforGibbsPosteriorwithApplicationtoRanking,GeneralOracleInequalitiesforGibbsPosteriorwithApplicationtoRanking
PRE_LearningHalfspacesUnderLogConcaveDensitiesPolynomialApproximationsandMomentMatching,LearningHalfspacesUnderLogConcaveDensitiesPolynomialApproximationsandMomentMatching
PRE_ConsistencyofRobustKernelDensityEstimators,ConsistencyofRobustKernelDensityEstimators
PRE_RegretMinimizationforBranchingExperts,RegretMinimizationforBranchingExperts
PRE_HorizonIndependentOptimalPredictionwithLogLossinExponentialFamilies,HorizonIndependentOptimalPredictionwithLogLossinExponentialFamilies
PRE_OnlineSimilarityPredictionofNetworkedDatafromKnownandUnknownGraphs,OnlineSimilarityPredictionofNetworkedDatafromKnownandUnknownGraphs
PRE_Anearoptimalalgorithmforfinitepartialmonitoringgamesagainstadversarialopponents,Anearoptimalalgorithmforfinitepartialmonitoringgamesagainstadversarialopponents
PRE_RepresentationApproximationandLearningofSubmodularFunctionsUsingLowrankDecisionTrees,RepresentationApproximationandLearningofSubmodularFunctionsUsingLowrankDecisionTrees
PRE_OptimalProbabilityEstimationwithApplicationstoPredictionandClassification,OptimalProbabilityEstimationwithApplicationstoPredictionandClassification
PRE_PolynomialTimeOptimalQueryAlgorithmsforFindingGraphswithArbitraryRealWeights,PolynomialTimeOptimalQueryAlgorithmsforFindingGraphswithArbitraryRealWeights
PRE_ATensorSpectralApproachtoLearningMixedMembershipCommunityModels,ATensorSpectralApproachtoLearningMixedMembershipCommunityModels
PRE_EfficientLearningofSimplices,EfficientLearningofSimplices
PRE_ComplexityTheoreticLowerBoundsforSparsePrincipalComponentDetection,ComplexityTheoreticLowerBoundsforSparsePrincipalComponentDetection
PRE_OpenProblemTightnessofmaximumlikelihoodsemidefiniterelaxations,OpenProblemTightnessofmaximumlikelihoodsemidefiniterelaxations
PRE_DistributionindependentReliableLearning,DistributionindependentReliableLearning
PRE_UniquenessofOrdinalEmbedding,UniquenessofOrdinalEmbedding
PRE_BayesOptimalScorersforBipartiteRanking,BayesOptimalScorersforBipartiteRanking
PRE_LearningSparselyUsedOvercompleteDictionaries,LearningSparselyUsedOvercompleteDictionaries
PRE_LogisticRegressionTightBoundsforStochasticandOnlineOptimization,LogisticRegressionTightBoundsforStochasticandOnlineOptimization
PRE_StochasticRegretMinimizationviaThompsonSampling,StochasticRegretMinimizationviaThompsonSampling
PRE_ApproachabilityinunknowngamesOnlinelearningmeetsmultiobjectiveoptimization,ApproachabilityinunknowngamesOnlinelearningmeetsmultiobjectiveoptimization
PRE_SampleCompressionforMultilabelConceptClasses,SampleCompressionforMultilabelConceptClasses
PRE_Findingamostbiasedcoinwithfewestflips,Findingamostbiasedcoinwithfewestflips
PRE_VolumetricSpannersanEfficientExplorationBasisforLearning,VolumetricSpannersanEfficientExplorationBasisforLearning
PRE_lil’UCBAnOptimalExplorationAlgorithmforMultiArmedBandits,lil’UCBAnOptimalExplorationAlgorithmforMultiArmedBandits
PRE_AnInequalitywithApplicationstoStructuredSparsityandMultitaskDictionaryLearning,AnInequalitywithApplicationstoStructuredSparsityandMultitaskDictionaryLearning
PRE_ElicitationandIdentificationofProperties,ElicitationandIdentificationofProperties
PRE_Densitypreservingquantizationwithapplicationtographdownsampling,Densitypreservingquantizationwithapplicationtographdownsampling
PRE_Efficiencyofconformalizedridgeregression,Efficiencyofconformalizedridgeregression
PRE_ComputationalLimitsforMatrixCompletion,ComputationalLimitsforMatrixCompletion
PRE_RobustMultiobjectiveLearningwithMentorFeedback,RobustMultiobjectiveLearningwithMentorFeedback
PRE_UniquenessofTensorDecompositionswithApplicationstoPolynomialIdentifiability,UniquenessofTensorDecompositionswithApplicationstoPolynomialIdentifiability
PRE_LocalizedComplexitiesforTransductiveLearning,LocalizedComplexitiesforTransductiveLearning
PRE_OntheConsistencyofOutputCodeBasedLearningAlgorithmsforMulticlassLearningProblems,OntheConsistencyofOutputCodeBasedLearningAlgorithmsforMulticlassLearningProblems
PRE_EdgeLabelInferenceinGeneralizedStochasticBlockModelsfromSpectralTheorytoImpossibilityResults,EdgeLabelInferenceinGeneralizedStochasticBlockModelsfromSpectralTheorytoImpossibilityResults
PRE_FollowtheLeaderwithDropoutPerturbations,FollowtheLeaderwithDropoutPerturbations
PRE_UnconstrainedOnlineLinearLearninginHilbertSpacesMinimaxAlgorithmsandNormalApproximations,UnconstrainedOnlineLinearLearninginHilbertSpacesMinimaxAlgorithmsandNormalApproximations
PRE_TheGeometryofLosses,TheGeometryofLosses
PRE_TheMoretheMerriertheBlessingofDimensionalityforLearningLargeGaussianMixtures,TheMoretheMerriertheBlessingofDimensionalityforLearningLargeGaussianMixtures
PRE_NearOptimalHerding,NearOptimalHerding
PRE_FasterandSampleNearOptimalAlgorithmsforProperLearningMixturesofGaussians,FasterandSampleNearOptimalAlgorithmsforProperLearningMixturesofGaussians
PRE_OpenProblemThelandscapeofthelosssurfacesofmultilayernetworks,OpenProblemThelandscapeofthelosssurfacesofmultilayernetworks
PRE_OpenProblemOnlineSabotagedShortestPath,OpenProblemOnlineSabotagedShortestPath
PRE_OnConsistentSurrogateRiskMinimizationandPropertyElicitation,OnConsistentSurrogateRiskMinimizationandPropertyElicitation
PRE_LearningOvercompleteLatentVariableModelsthroughTensorMethods,LearningOvercompleteLatentVariableModelsthroughTensorMethods
PRE_EfficientRepresentationsforLifelongLearningandAutoencoding,EfficientRepresentationsforLifelongLearningandAutoencoding
PRE_OptimallyCombiningClassifiersUsingUnlabeledData,OptimallyCombiningClassifiersUsingUnlabeledData
PRE_MinimaxFixedDesignLinearRegression,MinimaxFixedDesignLinearRegression
PRE_LearnabilityofSolutionstoConjunctiveQueriesTheFullDichotomy,LearnabilityofSolutionstoConjunctiveQueriesTheFullDichotomy
PRE_SequentialInformationMaximizationWhenisGreedyNearoptimal?,SequentialInformationMaximizationWhenisGreedyNearoptimal?
PRE_EfficientSamplingforGaussianGraphicalModelsviaSpectralSparsification,EfficientSamplingforGaussianGraphicalModelsviaSpectralSparsification
PRE_StochasticBlockModelandCommunityDetectioninSparseGraphsAspectralalgorithmwithoptimalrateofrecovery,StochasticBlockModelandCommunityDetectioninSparseGraphsAspectralalgorithmwithoptimalrateofrecovery
PRE_OnLineLearningAlgorithmsforPathExpertswithNonAdditiveLosses,OnLineLearningAlgorithmsforPathExpertswithNonAdditiveLosses
PRE_TruthfulLinearRegression,TruthfulLinearRegression
PRE_APTASforAgnosticallyLearningHalfspaces,APTASforAgnosticallyLearningHalfspaces
PRE_S2AnEfficientGraphBasedActiveLearningAlgorithmwithApplicationtoNonparametricClassification,S2AnEfficientGraphBasedActiveLearningAlgorithmwithApplicationtoNonparametricClassification
PRE_ContextualDuelingBandits,ContextualDuelingBandits
PRE_BeyondHartiganConsistencyMergeDistortionMetricforHierarchicalClustering,BeyondHartiganConsistencyMergeDistortionMetricforHierarchicalClustering
PRE_FasterAlgorithmsforTestingunderConditionalSampling,FasterAlgorithmsforTestingunderConditionalSampling
PRE_FromAveragingtoAccelerationThereisOnlyaStepsize,FromAveragingtoAccelerationThereisOnlyaStepsize
PRE_VectorValuedPropertyElicitation,VectorValuedPropertyElicitation
PRE_AChainingAlgorithmforOnlineNonparametricRegression,AChainingAlgorithmforOnlineNonparametricRegression
PRE_ThompsonSamplingforLearningParameterizedMarkovDecisionProcesses,ThompsonSamplingforLearningParameterizedMarkovDecisionProcesses
PRE_AdaptiveRecoveryofSignalsbyConvexOptimization,AdaptiveRecoveryofSignalsbyConvexOptimization
PRE_Tensorprincipalcomponentanalysisviasumofsquareproofs,Tensorprincipalcomponentanalysisviasumofsquareproofs
PRE_FastExactMatrixCompletionwithFiniteSamples,FastExactMatrixCompletionwithFiniteSamples
PRE_ExpConcavityofProperCompositeLosses,ExpConcavityofProperCompositeLosses
PRE_OnLearningDistributionsfromtheirSamples,OnLearningDistributionsfromtheirSamples
PRE_MCMCLearning,MCMCLearning
PRE_OnlinePCAwithSpectralBounds,OnlinePCAwithSpectralBounds
PRE_RegretLowerBoundandOptimalAlgorithminDuelingBanditProblem,RegretLowerBoundandOptimalAlgorithminDuelingBanditProblem
PRE_SecondorderQuantileMethodsforExpertsandCombinatorialGames,SecondorderQuantileMethodsforExpertsandCombinatorialGames
PRE_LowRankMatrixCompletionwithExponentialFamilyNoise,LowRankMatrixCompletionwithExponentialFamilyNoise
PRE_BadUniversalPriorsandNotionsofOptimality,BadUniversalPriorsandNotionsofOptimality
PRE_AchievingAllwithNoParametersAdaNormalHedge,AchievingAllwithNoParametersAdaNormalHedge
PRE_LowerandUpperBoundsontheGeneralizationofStochasticExponentiallyConcaveOptimization,LowerandUpperBoundsontheGeneralizationofStochasticExponentiallyConcaveOptimization
PRE_CorrelationClusteringwithNoisyPartialInformation,CorrelationClusteringwithNoisyPartialInformation
PRE_OnlineDensityEstimationofBradleyTerryModels,OnlineDensityEstimationofBradleyTerryModels
PRE_Firstorderregretboundsforcombinatorialsemibandits,Firstorderregretboundsforcombinatorialsemibandits
PRE_NormBasedCapacityControlinNeuralNetworks,NormBasedCapacityControlinNeuralNetworks
PRE_CorticalLearningviaPrediction,CorticalLearningviaPrediction
PRE_FastMixingforDiscretePointProcesses,FastMixingforDiscretePointProcesses
PRE_GeneralizedMixabilityviaEntropicDuality,GeneralizedMixabilityviaEntropicDuality
PRE_AnAlmostOptimalPACAlgorithm,AnAlmostOptimalPACAlgorithm
PRE_InteractiveFingerprintingCodesandtheHardnessofPreventingFalseDiscovery,InteractiveFingerprintingCodesandtheHardnessofPreventingFalseDiscovery
PRE_ConvexRiskMinimizationandConditionalProbabilityEstimation,ConvexRiskMinimizationandConditionalProbabilityEstimation
PRE_RegularizedLinearRegressionAPreciseAnalysisoftheEstimationError,RegularizedLinearRegressionAPreciseAnalysisoftheEstimationError
PRE_MaxvsMinTensorDecompositionandICAwithnearlyLinearSampleComplexity,MaxvsMinTensorDecompositionandICAwithnearlyLinearSampleComplexity
PRE_OnConvergenceofEmphaticTemporalDifferenceLearning,OnConvergenceofEmphaticTemporalDifferenceLearning
PRE_OpenProblemKernelmethodsonmanifoldsandmetricspacesWhatistheprobabilityofapositivedefinitegeodesicexponentialkernel?,OpenProblemKernelmethodsonmanifoldsandmetricspacesWhatistheprobabilityofapositivedefinitegeodesicexponentialkernel?
PRE_OpenProblemPropertyElicitationandElicitationComplexity,OpenProblemPropertyElicitationandElicitationComplexity
PRE_LearningandTestingJuntaDistributions,LearningandTestingJuntaDistributions
PRE_SignrankversusVCdimension,SignrankversusVCdimension
PRE_Efficientapproachesforescapinghigherordersaddlepointsinnonconvexoptimization,Efficientapproachesforescapinghigherordersaddlepointsinnonconvexoptimization
PRE_MonteCarloMarkovChainAlgorithmsforSamplingStronglyRayleighDistributionsandDeterminantalPointProcesses,MonteCarloMarkovChainAlgorithmsforSamplingStronglyRayleighDistributionsandDeterminantalPointProcesses
PRE_ReinforcementLearningofPOMDPsusingSpectralMethods,ReinforcementLearningofPOMDPsusingSpectralMethods
PRE_HighlySmoothZerothOrderOnlineOptimization,HighlySmoothZerothOrderOnlineOptimization
PRE_AnImprovedGapDependencyAnalysisoftheNoisyPowerMethod,AnImprovedGapDependencyAnalysisoftheNoisyPowerMethod
PRE_LearningCombinatorialFunctionsfromPairwiseComparisons,LearningCombinatorialFunctionsfromPairwiseComparisons
PRE_InstancedependentRegretBoundsforDuelingBandits,InstancedependentRegretBoundsforDuelingBandits
PRE_Onthelowrankapproachforsemidefiniteprogramsarisinginsynchronizationandcommunitydetection,Onthelowrankapproachforsemidefiniteprogramsarisinginsynchronizationandcommunitydetection
PRE_NoisyTensorCompletionviatheSumofSquaresHierarchy,NoisyTensorCompletionviatheSumofSquaresHierarchy
PRE_AggregationofsupportsalongtheLassopath,AggregationofsupportsalongtheLassopath
PRE_DroppingConvexityforFasterSemidefiniteOptimization,DroppingConvexityforFasterSemidefiniteOptimization
PRE_Tight(Lower)BoundsfortheFixedBudgetBestArmIdentificationBanditProblem,Tight(Lower)BoundsfortheFixedBudgetBestArmIdentificationBanditProblem
PRE_OntheApproximabilityofSparsePCA,OntheApproximabilityofSparsePCA
PRE_PureExplorationofMultiarmedBanditUnderMatroidConstraints,PureExplorationofMultiarmedBanditUnderMatroidConstraints
PRE_Provablymanipulationresistantreputationsystems,Provablymanipulationresistantreputationsystems
PRE_OntheExpressivePowerofDeepLearningATensorAnalysis,OntheExpressivePowerofDeepLearningATensorAnalysis
PRE_AdaptiveLearningwithRobustGeneralizationGuarantees,AdaptiveLearningwithRobustGeneralizationGuarantees
PRE_ComplexityTheoreticLimitationsonLearningDNF’s,ComplexityTheoreticLimitationsonLearningDNF’s
PRE_OptimalLearningviatheFourierTransformforSumsofIndependentIntegerRandomVariables,OptimalLearningviatheFourierTransformforSumsofIndependentIntegerRandomVariables
PRE_ProperlyLearningPoissonBinomialDistributionsinAlmostPolynomialTime,ProperlyLearningPoissonBinomialDistributionsinAlmostPolynomialTime
PRE_Asymptoticbehaviorofell_pbasedLaplacianregularizationinsemisupervisedlearning,Asymptoticbehaviorofell_pbasedLaplacianregularizationinsemisupervisedlearning
PRE_ThePowerofDepthforFeedforwardNeuralNetworks,ThePowerofDepthforFeedforwardNeuralNetworks
PRE_Spectralthresholdsinthebipartitestochasticblockmodel,Spectralthresholdsinthebipartitestochasticblockmodel
PRE_PreferencebasedTeaching,PreferencebasedTeaching
PRE_OptimalBestArmIdentificationwithFixedConfidence,OptimalBestArmIdentificationwithFixedConfidence
PRE_MaximinActionIdentificationANewBanditFrameworkforGames,MaximinActionIdentificationANewBanditFrameworkforGames
PRE_SemidefiniteProgramsforExactRecoveryofaHiddenCommunity,SemidefiniteProgramsforExactRecoveryofaHiddenCommunity
PRE_Optimalratesfortotalvariationdenoising,Optimalratesfortotalvariationdenoising
PRE_OnlineIsotonicRegression,OnlineIsotonicRegression
PRE_Timeseriespredictionandonlinelearning,Timeseriespredictionandonlinelearning
PRE_GradientDescentOnlyConvergestoMinimizers,GradientDescentOnlyConvergestoMinimizers
PRE_Onthecapacityofinformationprocessingsystems,Onthecapacityofinformationprocessingsystems
PRE_DensityEvolutionintheDegreecorrelatedStochasticBlockModel,DensityEvolutionintheDegreecorrelatedStochasticBlockModel
PRE_CorticalComputationviaIterativeConstructions,CorticalComputationviaIterativeConstructions
PRE_WhencanwerankwellfromcomparisonsofO(nlog(n))nonactivelychosenpairs?,WhencanwerankwellfromcomparisonsofO(nlog(n))nonactivelychosenpairs?
PRE_Howtocalculatepartitionfunctionsusingconvexprogramminghierarchiesprovableboundsforvariationalmethods,Howtocalculatepartitionfunctionsusingconvexprogramminghierarchiesprovableboundsforvariationalmethods
PRE_InteractiveAlgorithmsfromPooltoStream,InteractiveAlgorithmsfromPooltoStream
PRE_benefitsofdepthinneuralnetworks,benefitsofdepthinneuralnetworks
PRE_Onlinelearninginrepeatedauctions,Onlinelearninginrepeatedauctions
PRE_FirstorderMethodsforGeodesicallyConvexOptimization,FirstorderMethodsforGeodesicallyConvexOptimization
PRE_OpenProblemFirstOrderRegretBoundsforContextualBandits,OpenProblemFirstOrderRegretBoundsforContextualBandits
PRE_OpenProblemMeetingTimesforLearningRandomAutomata,OpenProblemMeetingTimesforLearningRandomAutomata
PRE_CorrallingaBandofBanditAlgorithms,CorrallingaBandofBanditAlgorithms
PRE_LearningwithLimitedRoundsofAdaptivityCoinTossingMultiArmedBanditsandRankingfromPairwiseComparisons,LearningwithLimitedRoundsofAdaptivityCoinTossingMultiArmedBanditsandRankingfromPairwiseComparisons
PRE_HomotopyAnalysisforTensorPCA,HomotopyAnalysisforTensorPCA
PRE_EfficientPACLearningfromtheCrowd,EfficientPACLearningfromtheCrowd
PRE_ThePriceofSelectioninDifferentialPrivacy,ThePriceofSelectioninDifferentialPrivacy
PRE_ComputationallyEfficientRobustSparseEstimationinHighDimensions,ComputationallyEfficientRobustSparseEstimationinHighDimensions
PRE_LearningTheoreticFoundationsofAlgorithmConfigurationforCombinatorialPartitioningProblems,LearningTheoreticFoundationsofAlgorithmConfigurationforCombinatorialPartitioningProblems
PRE_TheSampleComplexityofOptimizingaConvexFunction,TheSampleComplexityofOptimizingaConvexFunction
PRE_EfficientCoTrainingofLinearSeparatorsunderWeakDependence,EfficientCoTrainingofLinearSeparatorsunderWeakDependence
PRE_SamplingfromalogconcavedistributionwithcompactsupportwithproximalLangevinMonteCarlo,SamplingfromalogconcavedistributionwithcompactsupportwithproximalLangevinMonteCarlo
PRE_Ratesofestimationfordeterminantalpointprocesses,Ratesofestimationfordeterminantalpointprocesses
PRE_TestingBayesianNetworks,TestingBayesianNetworks
PRE_MultiObservationElicitation,MultiObservationElicitation
PRE_AlgorithmicChainingandtheRoleofPartialFeedbackinOnlineNonparametricLearning,AlgorithmicChainingandtheRoleofPartialFeedbackinOnlineNonparametricLearning
PRE_TowardsInstanceOptimalBoundsforBestArmIdentification,TowardsInstanceOptimalBoundsforBestArmIdentification
PRE_FurtherandstrongeranalogybetweensamplingandoptimizationLangevinMonteCarloandgradientdescent,FurtherandstrongeranalogybetweensamplingandoptimizationLangevinMonteCarloandgradientdescent
PRE_DepthSeparationforNeuralNetworks,DepthSeparationforNeuralNetworks
PRE_LearningMultivariateLogconcaveDistributions,LearningMultivariateLogconcaveDistributions
PRE_GreedIsGoodNearOptimalSubmodularMaximizationviaGreedyOptimization,GreedIsGoodNearOptimalSubmodularMaximizationviaGreedyOptimization
PRE_StochasticCompositeLeastSquaresRegressionwithConvergenceRateO(1n),StochasticCompositeLeastSquaresRegressionwithConvergenceRateO(1n)
PRE_MemorylessSequencesforDifferentiableLosses,MemorylessSequencesforDifferentiableLosses
PRE_MatrixCompletionfromO(n)SamplesinLinearTime,MatrixCompletionfromO(n)SamplesinLinearTime
PRE_HighDimensionalRegressionwithBinaryCoefficientsEstimatingSquaredErrorandaPhaseTranstition,HighDimensionalRegressionwithBinaryCoefficientsEstimatingSquaredErrorandaPhaseTranstition
PRE_TwoSampleTestsforLargeRandomGraphsUsingNetworkStatistics,TwoSampleTestsforLargeRandomGraphsUsingNetworkStatistics
PRE_ReliablyLearningtheReLUinPolynomialTime,ReliablyLearningtheReLUinPolynomialTime
PRE_NearlytightVCdimensionboundsforpiecewiselinearneuralnetworks,NearlytightVCdimensionboundsforpiecewiselinearneuralnetworks
PRE_SubmodularOptimizationunderNoise,SubmodularOptimizationunderNoise
PRE_Surprisingpropertiesofdropoutindeepnetworks,Surprisingpropertiesofdropoutindeepnetworks
PRE_QuadraticUpperBoundforRecursiveTeachingDimensionofFiniteVCClasses,QuadraticUpperBoundforRecursiveTeachingDimensionofFiniteVCClasses
PRE_AUnifiedAnalysisofStochasticOptimizationMethodsUsingJumpSystemTheoryandQuadraticConstraints,AUnifiedAnalysisofStochasticOptimizationMethodsUsingJumpSystemTheoryandQuadraticConstraints
PRE_TheHiddenHubsProblem,TheHiddenHubsProblem
PRE_PredictingwithDistributions,PredictingwithDistributions
PRE_OntheAbilityofNeuralNetstoExpressDistributions,OntheAbilityofNeuralNetstoExpressDistributions
PRE_Fundamentallimitsofsymmetriclowrankmatrixestimation,Fundamentallimitsofsymmetriclowrankmatrixestimation
PRE_RobustandProperLearningforMixturesofGaussiansviaSystemsofPolynomialInequalities,RobustandProperLearningforMixturesofGaussiansviaSystemsofPolynomialInequalities
PRE_InapproximabilityofVCDimensionandLittlestone’sDimension,InapproximabilityofVCDimensionandLittlestone’sDimension
PRE_ASecondorderLookatStabilityandGeneralization,ASecondorderLookatStabilityandGeneralization
PRE_SolvingSDPsforsynchronizationandMaxCutproblemsviatheGrothendieckinequality,SolvingSDPsforsynchronizationandMaxCutproblemsviatheGrothendieckinequality
PRE_MixingImpliesLowerBoundsforSpaceBoundedLearning,MixingImpliesLowerBoundsforSpaceBoundedLearning
PRE_FastratesforonlinelearninginLinearlySolvableMarkovDecisionProcesses,FastratesforonlinelearninginLinearlySolvableMarkovDecisionProcesses
PRE_Exacttensorcompletionwithsumofsquares,Exacttensorcompletionwithsumofsquares
PRE_OnEquivalenceofMartingaleTailBoundsandDeterministicRegretInequalities,OnEquivalenceofMartingaleTailBoundsandDeterministicRegretInequalities
PRE_LowerBoundsonRegretforNoisyGaussianProcessBanditOptimization,LowerBoundsonRegretforNoisyGaussianProcessBanditOptimization
PRE_Fastandrobusttensordecompositionwithapplicationstodictionarylearning,Fastandrobusttensordecompositionwithapplicationstodictionarylearning
PRE_EmpiricalRiskMinimizationforStochasticConvexOptimizationO(1n)andO(1n^2)typeofRiskBounds,EmpiricalRiskMinimizationforStochasticConvexOptimizationO(1n)andO(1n^2)typeofRiskBounds
PRE_Optimallearningvialocalentropiesandsamplecompression,Optimallearningvialocalentropiesandsamplecompression
PRE_AlgorithmicRegularizationinOverparameterizedMatrixSensingandNeuralNetworkswithQuadraticActivations,AlgorithmicRegularizationinOverparameterizedMatrixSensingandNeuralNetworkswithQuadraticActivations
PRE_ReducibilityandComputationalLowerBoundsforProblemswithPlantedSparseStructure,ReducibilityandComputationalLowerBoundsforProblemswithPlantedSparseStructure
PRE_ActivelyAvoidingNonsenseinGenerativeModels,ActivelyAvoidingNonsenseinGenerativeModels
PRE_AFasterApproximationAlgorithmfortheGibbsPartitionFunction,AFasterApproximationAlgorithmfortheGibbsPartitionFunction
PRE_ExponentialConvergenceofTestingErrorforStochasticGradientMethods,ExponentialConvergenceofTestingErrorforStochasticGradientMethods
PRE_SizeIndependentSampleComplexityofNeuralNetworks,SizeIndependentSampleComplexityofNeuralNetworks
PRE_OnlineVarianceReductionforStochasticOptimization,OnlineVarianceReductionforStochasticOptimization
PRE_Detectionlimitsinthehighdimensionalspikedrectangularmodel,Detectionlimitsinthehighdimensionalspikedrectangularmodel
PRE_LearningWithoutMixingTowardsASharpAnalysisofLinearSystemIdentification,LearningWithoutMixingTowardsASharpAnalysisofLinearSystemIdentification
PRE_ActiveTolerantTesting,ActiveTolerantTesting
PRE_AcceleratingStochasticGradientDescentforLeastSquaresRegression,AcceleratingStochasticGradientDescentforLeastSquaresRegression
PRE_GeneralizationBoundsofSGLDforNonconvexLearningTwoTheoreticalViewpoints,GeneralizationBoundsofSGLDforNonconvexLearningTwoTheoreticalViewpoints
PRE_AveragingStochasticGradientDescentonRiemannianManifolds,AveragingStochasticGradientDescentonRiemannianManifolds
PRE_FittingaPutativeManifoldtoNoisyData,FittingaPutativeManifoldtoNoisyData
PRE_PrivateSequentialLearning,PrivateSequentialLearning
PRE_OptimalErrorsandPhaseTransitionsinHighDimensionalGeneralizedLinearModels,OptimalErrorsandPhaseTransitionsinHighDimensionalGeneralizedLinearModels
PRE_ExactandRobustConformalInferenceMethodsforPredictiveMachineLearningwithDependentData,ExactandRobustConformalInferenceMethodsforPredictiveMachineLearningwithDependentData
PRE_NonstochasticBanditswithCompositeAnonymousFeedback,NonstochasticBanditswithCompositeAnonymousFeedback
PRE_LowerBoundsforHigherOrderConvexOptimization,LowerBoundsforHigherOrderConvexOptimization
PRE_LogconcavesamplingMetropolisHastingsalgorithmsarefast!,LogconcavesamplingMetropolisHastingsalgorithmsarefast!
PRE_IncentivizingExplorationbyHeterogeneousUsers,IncentivizingExplorationbyHeterogeneousUsers
PRE_HardnessofLearningNoisyHalfspacesusingPolynomialThresholds,HardnessofLearningNoisyHalfspacesusingPolynomialThresholds
PRE_BestofbothworldsStochastic&adversarialbestarmidentification,BestofbothworldsStochastic&adversarialbestarmidentification
PRE_LearningPatternsforDetectionwithMultiscaleScanStatistics,LearningPatternsforDetectionwithMultiscaleScanStatistics
PRE_GlobalGuaranteesforEnforcingDeepGenerativePriorsbyEmpiricalRisk,GlobalGuaranteesforEnforcingDeepGenerativePriorsbyEmpiricalRisk
PRE_Smalllossboundsforonlinelearningwithpartialinformation,Smalllossboundsforonlinelearningwithpartialinformation
PRE_Empiricalboundsforfunctionswithweakinteractions,Empiricalboundsforfunctionswithweakinteractions
PRE_ConvexOptimizationwithUnboundedNonconvexOraclesusingSimulatedAnnealing,ConvexOptimizationwithUnboundedNonconvexOraclesusingSimulatedAnnealing
PRE_MoreAdaptiveAlgorithmsforAdversarialBandits,MoreAdaptiveAlgorithmsforAdversarialBandits
PRE_EfficientConvexOptimizationwithMembershipOracles,EfficientConvexOptimizationwithMembershipOracles
PRE_AGeneralApproachtoMultiArmedBanditsUnderRiskCriteria,AGeneralApproachtoMultiArmedBanditsUnderRiskCriteria
PRE_AnOptimalLearningAlgorithmforOnlineUnconstrainedSubmodularMaximization,AnOptimalLearningAlgorithmforOnlineUnconstrainedSubmodularMaximization
PRE_NonConvexMatrixCompletionAgainstaSemiRandomAdversary,NonConvexMatrixCompletionAgainstaSemiRandomAdversary
PRE_EfficientAlgorithmsforOutlierRobustRegression,EfficientAlgorithmsforOutlierRobustRegression
PRE_ActionConstrainedMarkovDecisionProcessesWithKullbackLeiblerCost,ActionConstrainedMarkovDecisionProcessesWithKullbackLeiblerCost
PRE_FundamentalLimitsofWeakRecoverywithApplicationstoPhaseRetrieval,FundamentalLimitsofWeakRecoverywithApplicationstoPhaseRetrieval
PRE_Cuttingplanemethodscanbeextendedintononconvexoptimization,Cuttingplanemethodscanbeextendedintononconvexoptimization
PRE_AnAnalysisofthetSNEAlgorithmforDataVisualization,AnAnalysisofthetSNEAlgorithmforDataVisualization
PRE_AdaptivitytoSmoothnessinXarmedbandits,AdaptivitytoSmoothnessinXarmedbandits
PRE_ADataPrismSemiverifiedlearninginthesmallalpharegime,ADataPrismSemiverifiedlearninginthesmallalpharegime
PRE_ADirectSumResultfortheInformationComplexityofLearning,ADirectSumResultfortheInformationComplexityofLearning
PRE_FasterRatesforConvexConcaveGames,FasterRatesforConvexConcaveGames
PRE_ell_1RegressionusingLewisWeightsPreconditioningandStochasticGradientDescent,ell_1RegressionusingLewisWeightsPreconditioningandStochasticGradientDescent
PRE_AFiniteTimeAnalysisofTemporalDifferenceLearningWithLinearFunctionApproximation,AFiniteTimeAnalysisofTemporalDifferenceLearningWithLinearFunctionApproximation
PRE_AnEstimateSequenceforGeodesicallyConvexOptimization,AnEstimateSequenceforGeodesicallyConvexOptimization
PRE_LangevinMonteCarloandJKOsplitting,LangevinMonteCarloandJKOsplitting
PRE_Subpolynomialtracereconstructionforrandomstrings{andarbitrarydeletionprobability,Subpolynomialtracereconstructionforrandomstrings{andarbitrarydeletionprobability
PRE_Anexplicitanalysisoftheentropicpenaltyinlinearprogramming,Anexplicitanalysisoftheentropicpenaltyinlinearprogramming
PRE_MarginalSingularityandtheBenefitsofLabelsinCovariateShift,MarginalSingularityandtheBenefitsofLabelsinCovariateShift
PRE_LearningSingleIndexModelsinGaussianSpace,LearningSingleIndexModelsinGaussianSpace
PRE_HiddenIntegralityofSDPRelaxationsforSubGaussianMixtureModels,HiddenIntegralityofSDPRelaxationsforSubGaussianMixtureModels
PRE_CountingMotifswithGraphSampling,CountingMotifswithGraphSampling
PRE_ApproximateNearestNeighborsinLimitedSpace,ApproximateNearestNeighborsinLimitedSpace
PRE_Breakingthe1sqrt{n}BarrierFasterRatesforPermutationbasedModelsinPolynomialTime,Breakingthe1sqrt{n}BarrierFasterRatesforPermutationbasedModelsinPolynomialTime
PRE_UnleashingLinearOptimizersforGroupFairLearningandOptimization,UnleashingLinearOptimizersforGroupFairLearningandOptimization
PRE_MinimaxBoundsonStochasticBatchedConvexOptimization,MinimaxBoundsonStochasticBatchedConvexOptimization
PRE_GeometricLowerBoundsforDistributedParameterEstimationunderCommunicationConstraints,GeometricLowerBoundsforDistributedParameterEstimationunderCommunicationConstraints
PRE_LocalmomentmatchingAunifiedmethodologyforsymmetricfunctionalestimationanddistributionestimationunderWassersteindistance,LocalmomentmatchingAunifiedmethodologyforsymmetricfunctionalestimationanddistributionestimationunderWassersteindistance
PRE_IterateAveragingasRegularizationforStochasticGradientDescent,IterateAveragingasRegularizationforStochasticGradientDescent
PRE_CertifiedComputationfromUnreliableDatasets,CertifiedComputationfromUnreliableDatasets
PRE_OpenProblemTheDependenceofSampleComplexityLowerBoundsonPlanningHorizon,OpenProblemTheDependenceofSampleComplexityLowerBoundsonPlanningHorizon
PRE_InferenceunderInformationConstraintsLowerBoundsfromChiSquareContraction,InferenceunderInformationConstraintsLowerBoundsfromChiSquareContraction
PRE_LearninginNonconvexGameswithanOptimizationOracle,LearninginNonconvexGameswithanOptimizationOracle
PRE_TowardsTestingMonotonicityofDistributionsOverGeneralPosets,TowardsTestingMonotonicityofDistributionsOverGeneralPosets
PRE_NormalApproximationforStochasticGradientDescentviaNonAsymptoticRatesofMartingaleCLT,NormalApproximationforStochasticGradientDescentviaNonAsymptoticRatesofMartingaleCLT
PRE_AdaptivelyTrackingtheBestBanditArmwithanUnknownNumberofDistributionChanges,AdaptivelyTrackingtheBestBanditArmwithanUnknownNumberofDistributionChanges
PRE_AUniversalAlgorithmforVariationalInequalitiesAdaptivetoSmoothnessandNoise,AUniversalAlgorithmforVariationalInequalitiesAdaptivetoSmoothnessandNoise
PRE_LearningTwoLayerRectifiedNeuralNetworksinPolynomialTime,LearningTwoLayerRectifiedNeuralNetworksinPolynomialTime
PRE_PrivateCenterPointsandLearningofHalfspaces,PrivateCenterPointsandLearningofHalfspaces
PRE_LowerboundsfortestinggraphicalmodelscoloringsandantiferromagneticIsingmodels,LowerboundsfortestinggraphicalmodelscoloringsandantiferromagneticIsingmodels
PRE_ApproximateGuaranteesforDictionaryLearning,ApproximateGuaranteesforDictionaryLearning
PRE_TheOptimalApproximationFactorinDensityEstimation,TheOptimalApproximationFactorinDensityEstimation
PRE_SortedTopkinRounds,SortedTopkinRounds
PRE_MultiarmedBanditProblemswithStrategicArms,MultiarmedBanditProblemswithStrategicArms
PRE_UniversalityofComputationalLowerBoundsforSubmatrixDetection,UniversalityofComputationalLowerBoundsforSubmatrixDetection
PRE_OptimalAverageCaseReductionstoSparsePCAFromWeakAssumptionstoStrongHardness,OptimalAverageCaseReductionstoSparsePCAFromWeakAssumptionstoStrongHardness
PRE_LearningratesforGaussianmixturesundergroupaction,LearningratesforGaussianmixturesundergroupaction
PRE_Nearoptimalmethodforhighlysmoothconvexoptimization,Nearoptimalmethodforhighlysmoothconvexoptimization
PRE_ImprovedPathlengthRegretBoundsforBandits,ImprovedPathlengthRegretBoundsforBandits
PRE_OptimalLearningofMallowsBlockModel,OptimalLearningofMallowsBlockModel
PRE_GaussianProcessOptimizationwithAdaptiveSketchingScalableandNoRegret,GaussianProcessOptimizationwithAdaptiveSketchingScalableandNoRegret
PRE_DisagreementBasedCombinatorialPureExplorationSampleComplexityBoundsandanEfficientAlgorithm,DisagreementBasedCombinatorialPureExplorationSampleComplexityBoundsandanEfficientAlgorithm
PRE_ARank1SketchforMatrixMultiplicativeWeights,ARank1SketchforMatrixMultiplicativeWeights
PRE_OntheComputationalPowerofOnlineGradientDescent,OntheComputationalPowerofOnlineGradientDescent
PRE_ActiveRegressionviaLinearSampleSparsification,ActiveRegressionviaLinearSampleSparsification
PRE_ANewAlgorithmforNonstationaryContextualBanditsEfficientOptimalandParameterfree,ANewAlgorithmforNonstationaryContextualBanditsEfficientOptimalandParameterfree
PRE_VorticesInsteadofEquilibriainMinMaxOptimizationChaosandButterflyEffectsofOnlineLearninginZeroSumGames,VorticesInsteadofEquilibriainMinMaxOptimizationChaosandButterflyEffectsofOnlineLearninginZeroSumGames
PRE_Pureentropicregularizationformetricaltasksystems,Pureentropicregularizationformetricaltasksystems
PRE_AnearoptimalalgorithmforapproximatingtheJohnEllipsoid,AnearoptimalalgorithmforapproximatingtheJohnEllipsoid
PRE_Spacelowerboundsforlinearpredictioninthestreamingmodel,Spacelowerboundsforlinearpredictioninthestreamingmodel
PRE_ComputationallyandStatisticallyEfficientTruncatedRegression,ComputationallyandStatisticallyEfficientTruncatedRegression
PRE_ReconstructingTreesfromTraces,ReconstructingTreesfromTraces
PRE_Isyourfunctionlowdimensional?,Isyourfunctionlowdimensional?
PRE_Fastdeterminantalpointprocessesviadistortionfreeintermediatesampling,Fastdeterminantalpointprocessesviadistortionfreeintermediatesampling
PRE_MinimaxexperimentaldesignBridgingthegapbetweenstatisticalandworstcaseapproachestoleastsquaresregression,MinimaxexperimentaldesignBridgingthegapbetweenstatisticalandworstcaseapproachestoleastsquaresregression
PRE_CommunicationandMemoryEfficientTestingofDiscreteDistributions,CommunicationandMemoryEfficientTestingofDiscreteDistributions
PRE_TestingIdentityofMultidimensionalHistograms,TestingIdentityofMultidimensionalHistograms
PRE_LowerBoundsforParallelandRandomizedConvexOptimization,LowerBoundsforParallelandRandomizedConvexOptimization
PRE_OnthePerformanceofThompsonSamplingonLogisticBandits,OnthePerformanceofThompsonSamplingonLogisticBandits
PRE_AchievingtheBayesErrorRateinStochasticBlockModelbySDPRobustly,AchievingtheBayesErrorRateinStochasticBlockModelbySDPRobustly
PRE_SumofsquaresmeetssquarelossFastratesforagnostictensorcompletion,SumofsquaresmeetssquarelossFastratesforagnostictensorcompletion
PRE_TheComplexityofMakingtheGradientSmallinStochasticConvexOptimization,TheComplexityofMakingtheGradientSmallinStochasticConvexOptimization
PRE_StatisticalLearningwithaNuisanceComponent,StatisticalLearningwithaNuisanceComponent
PRE_OntheRegretMinimizationofNonconvexOnlineGradientAscentforOnlinePCA,OntheRegretMinimizationofNonconvexOnlineGradientAscentforOnlinePCA
PRE_OptimalTensorMethodsinSmoothConvexandUniformlyConvexOptimization,OptimalTensorMethodsinSmoothConvexandUniformlyConvexOptimization
PRE_StabilizedSVRGSimpleVarianceReductionforNonconvexOptimization,StabilizedSVRGSimpleVarianceReductionforNonconvexOptimization
PRE_LearningIsingModelswithIndependentFailures,LearningIsingModelswithIndependentFailures
PRE_LearningNeuralNetworkswithTwoNonlinearLayersinPolynomialTime,LearningNeuralNetworkswithTwoNonlinearLayersinPolynomialTime
PRE_Whencanunlabeleddataimprovethelearningrate?,Whencanunlabeleddataimprovethelearningrate?
PRE_SamplingandOptimizationonConvexSetsinRiemannianManifoldsofNonNegativeCurvature,SamplingandOptimizationonConvexSetsinRiemannianManifoldsofNonNegativeCurvature
PRE_ReasoninginBayesianOpinionExchangeNetworksIsPSPACEHard,ReasoninginBayesianOpinionExchangeNetworksIsPSPACEHard
PRE_HowHardisRobustMeanEstimation?,HowHardisRobustMeanEstimation?
PRE_ARobustSpectralAlgorithmforOvercompleteTensorDecomposition,ARobustSpectralAlgorithmforOvercompleteTensorDecomposition
PRE_SampleOptimalLowRankApproximationofDistanceMatrices,SampleOptimalLowRankApproximationofDistanceMatrices
PRE_MakingtheLastIterateofSGDInformationTheoreticallyOptimal,MakingtheLastIterateofSGDInformationTheoreticallyOptimal
PRE_Theimplicitbiasofgradientdescentonnonseparabledata,Theimplicitbiasofgradientdescentonnonseparabledata
PRE_AnOptimalHighOrderTensorMethodforConvexOptimization,AnOptimalHighOrderTensorMethodforConvexOptimization
PRE_ParameterFreeOnlineConvexOptimizationwithSubExponentialNoise,ParameterFreeOnlineConvexOptimizationwithSubExponentialNoise
PRE_Samplecomplexityofpartitionidentificationusingmultiarmedbandits,Samplecomplexityofpartitionidentificationusingmultiarmedbandits
PRE_PrivatelyLearningHighDimensionalDistributions,PrivatelyLearningHighDimensionalDistributions
PRE_NonasymptoticAnalysisofBiasedStochasticApproximationScheme,NonasymptoticAnalysisofBiasedStochasticApproximationScheme
PRE_BanditPrincipalComponentAnalysis,BanditPrincipalComponentAnalysis
PRE_ContextualbanditswithcontinuousactionsSmoothingzoomingandadapting,ContextualbanditswithcontinuousactionsSmoothingzoomingandadapting
PRE_AnInformationTheoreticApproachtoMinimaxRegretinPartialMonitoring,AnInformationTheoreticApproachtoMinimaxRegretinPartialMonitoring
PRE_OnMeanEstimationforGeneralNormswithStatisticalQueries,OnMeanEstimationforGeneralNormswithStatisticalQueries
PRE_SharpTheoreticalAnalysisforNonparametricTestingunderRandomProjection,SharpTheoreticalAnalysisforNonparametricTestingunderRandomProjection
PRE_CombinatorialAlgorithmsforOptimalDesign,CombinatorialAlgorithmsforOptimalDesign
PRE_BeyondLeastSquaresFastRatesforRegularizedEmpiricalRiskMinimizationthroughSelfConcordance,BeyondLeastSquaresFastRatesforRegularizedEmpiricalRiskMinimizationthroughSelfConcordance
PRE_Meanfieldtheoryoftwolayersneuralnetworksdimensionfreeboundsandkernellimit,Meanfieldtheoryoftwolayersneuralnetworksdimensionfreeboundsandkernellimit
PRE_BatchSizeIndependentRegretBoundsfortheCombinatorialMultiArmedBanditProblem,BatchSizeIndependentRegretBoundsfortheCombinatorialMultiArmedBanditProblem
PRE_VCClassesareAdversariallyRobustlyLearnablebutOnlyImproperly,VCClassesareAdversariallyRobustlyLearnablebutOnlyImproperly
PRE_AffineInvariantCovarianceEstimationforHeavyTailedDistributions,AffineInvariantCovarianceEstimationforHeavyTailedDistributions
PRE_StochasticGradientDescentLearnsStateEquationswithNonlinearActivations,StochasticGradientDescentLearnsStateEquationswithNonlinearActivations
PRE_ATheoryofSelectivePrediction,ATheoryofSelectivePrediction
PRE_ConsistencyofInterpolationwithLaplaceKernelsisaHighDimensionalPhenomenon,ConsistencyofInterpolationwithLaplaceKernelsisaHighDimensionalPhenomenon
PRE_Classificationwithunknownclassconditionallabelnoiseonnoncompactfeaturespaces,Classificationwithunknownclassconditionallabelnoiseonnoncompactfeaturespaces
PRE_TheAllorNothingPhenomenoninSparseLinearRegression,TheAllorNothingPhenomenoninSparseLinearRegression
PRE_ExponentialConvergenceTimeofGradientDescentforOneDimensionalDeepLinearNeuralNetworks,ExponentialConvergenceTimeofGradientDescentforOneDimensionalDeepLinearNeuralNetworks
PRE_LearningLinearDynamicalSystemswithSemiParametricLeastSquares,LearningLinearDynamicalSystemswithSemiParametricLeastSquares
PRE_MaximumEntropyDistributionsBitComplexityandStability,MaximumEntropyDistributionsBitComplexityandStability
PRE_AdaptiveHardThresholdingforNearoptimalConsistentRobustRegression,AdaptiveHardThresholdingforNearoptimalConsistentRobustRegression
PRE_ModelbasedRLinContextualDecisionProcessesPACboundsandExponentialImprovementsoverModelfreeApproaches,ModelbasedRLinContextualDecisionProcessesPACboundsandExponentialImprovementsoverModelfreeApproaches
PRE_TheRelativeComplexityofMaximumLikelihoodEstimationMAPEstimationandSampling,TheRelativeComplexityofMaximumLikelihoodEstimationMAPEstimationandSampling
PRE_TheGapBetweenModelBasedandModelFreeMethodsontheLinearQuadraticRegulatorAnAsymptoticViewpoint,TheGapBetweenModelBasedandModelFreeMethodsontheLinearQuadraticRegulatorAnAsymptoticViewpoint
PRE_EstimationofsmoothdensitiesinWassersteindistance,EstimationofsmoothdensitiesinWassersteindistance
PRE_EstimatingtheMixingTimeofErgodicMarkovChains,EstimatingtheMixingTimeofErgodicMarkovChains
PRE_StochasticApproximationofSmoothandStronglyConvexFunctionsBeyondtheO(1T)ConvergenceRate,StochasticApproximationofSmoothandStronglyConvexFunctionsBeyondtheO(1T)ConvergenceRate
PRE_OpenProblemDoGoodAlgorithmsNecessarilyQueryBadPoints?,OpenProblemDoGoodAlgorithmsNecessarilyQueryBadPoints?
PRE_OpenProblemRiskofRuininMultiarmedBandits,OpenProblemRiskofRuininMultiarmedBandits
PRE_OpenProblemMonotonicityofLearning,OpenProblemMonotonicityofLearning
